sample_id,data_kind,A,B,C,X,Y,Z
real_0001,real,9.975133538246155,1.0436639189720154,8,,,
real_0002,real,2.2268048115074635,7.36967577598989,4,,,
real_0003,real,4.809417091310024,3.5632647294551134,5,,,
real_0004,real,7.392941080033779,9.888629596680403,1,,,
real_0005,real,5.467858174815774,4.613232901319861,3,,,
real_0006,real,0.6142912711948156,2.1714396588504314,1,,,
real_0007,real,8.536770483478904,2.896524667739868,0,,,
real_0008,real,1.1264099087566137,9.227373180910945,6,,,
real_0009,real,3.7026037368923426,0.4555304441601038,3,,,
real_0010,real,6.803853176534176,1.5051478426903486,6,,,
real_0011,real,4.079764746129513,5.0228942930698395,2,,,
real_0012,real,1.6574555821716785,4.024632144719362,8,,,
real_0013,real,1.4057008177042007,8.044960368424654,1,,,
real_0014,real,3.823708798736334,1.6556821763515472,10,,,
real_0015,real,6.552668120712042,5.487749902531505,4,,,
real_0016,real,5.665259314700961,0.28378697112202644,2,,,
real_0017,real,3.41236705891788,6.303402641788125,6,,,
real_0018,real,0.8307084906846285,2.765524862334132,4,,,
real_0019,real,7.518217610195279,2.3236381728202105,5,,,
real_0020,real,0.2410853374749422,6.14778084680438,9,,,
